date,start_time,file,temp.start,temp.end,press,Light_dark,Code,cham.vol
25/05/2024,10:11:00,171214Z,24,24,102,light,171214,0.009
25/05/2024,10:18:00,171636Z,24,24,102,dark,171636,0.009
25/05/2024,10:57:00,175716Z,21.6,21.9,102,light,175716,0.030
25/05/2024,11:06:00,180646Z,21,21.1,102,dark,180646,0.030
25/05/2024,10:40:00,174038Z,21.3,22.1,102,light,174038,0.029
25/05/2024,10:47:00,174705Z,21.6,21.6,102,dark,174705,0.029
25/05/2024,11:24:00,182433Z,22.6,22.5,102,light,182433,0.029
25/05/2024,11:42:00,183247Z,22,21.5,102,dark,183247,0.029
25/05/2024,11:42:00,184248Z,21.9,21.5,102,light,184248,0.009
25/05/2024,11:52:00,185207Z,21.5,21.9,102,dark,185207,0.009
25/05/2024,12:06:00,190712Z,21.5,21.5,102,light,190712,0.030
25/05/2024,12:17:00,191700Z,21.5,21.2,102,dark,191700,0.030
25/05/2024,13:09:00,201508Z,26.8,26.1,102,light,201508,0.029
25/05/2024,13:16:00,201651Z,25.1,23.9,102,dark,201651,0.029
25/05/2024,13:39:00,203939Z,28.5,27.7,102,light,203939,0.029
25/05/2024,13:47:00,204632Z,28.5,27.3,102,dark,204632,0.029
25/05/2024,15:01:00,220158Z,24.7,24.7,102,light,220158,0.009
25/05/2024,15:08:00,220804Z,24.6,24.6,102,dark,220804,0.009
25/05/2024,15:15:00,221533Z,26.7,28.6,102,light,221533,0.030
25/05/2024,15:20:00,222034Z,28,28,102,dark,222034,0.030
25/05/2024,15:34:00,223430Z,25.9,25.4,102,light,223430,0.030
25/05/2024,15:40:00,224022Z,25.1,25.1,102,dark,224022,0.030
25/05/2024,15:53:00,225718Z,25.8,25.8,102,light,225718,0.030
25/05/2024,16:00:00,225957Z,24,24,102,dark,225957,0.030
25/05/2024,17:20:00,002036Z,24.8,24,102,light,2036,0.009
25/05/2024,17:26:00,002612Z,25.9,27.3,102,dark,2612,0.009
25/05/2024,17:02:00,000222Z,28,28,102,light,222,0.030
25/05/2024,17:08:00,000837Z,28,26,102,dark,837,0.030
25/05/2024,16:44:00,234437Z,27.8,25.8,102,light,234437,0.030
25/05/2024,16:50:00,235004Z,25.4,24.6,102,dark,235004,0.030
25/05/2024,16:24:00,232411Z,28,28,102,light,232411,0.030
25/05/2024,16:33:00,233316Z,28,28,102,dark,233316,0.030
27/05/2024,11:06:00,180643Z,21.6,18.1,102,dark,180643,0.009
27/05/2024,09:26:00,162654Z,18,18.5,102,light,162654,0.030
27/05/2024,09:34:00,163407Z,18,18.5,102,dark,163407,0.030
27/05/2024,10:19:00,171908Z,20,21.5,102,light,171908,0.030
27/05/2024,10:25:00,172552Z,21.5,21.1,102,dark,172552,0.030
27/05/2024,10:41:00,174109Z,22.3,22,102,light,174109,0.030
27/05/2024,10:49:00,174911Z,21.3,21.3,102,dark,174911,0.030
27/05/2024,11:38:00,183804Z,21.6,18.1,102,dark,183804,0.009
27/05/2024,11:51:00,185109Z,19.5,24.5,102,light,185109,0.030
27/05/2024,11:59:00,185930Z,23.3,22.5,102,dark,185930,0.030
27/05/2024,12:56:00,195630Z,21.8,21.8,102,light,195630,0.030
27/05/2024,13:04:00,200412Z,26,26,102,dark,200412,0.030
27/05/2024,13:23:00,202312Z,23.2,23.6,102,light,202312,0.030
27/05/2024,13:31:00,203152Z,22,23,102,dark,203152,0.030
28/05/2024,10:24:00,172407Z,17.1,17.1,101,dark,172407,0.009
28/05/2024,10:40:00,174056Z,18,18.1,101,light,174056,0.030
28/05/2024,10:54:00,175322Z,18.1,18.1,101,dark,175322,0.030
28/05/2024,11:13:00,181309Z,17.6,17.8,101,light,181309,0.030
28/05/2024,11:26:00,182639Z,17.4,17.4,101,dark,182639,0.030
28/05/2024,11:40:00,183935Z,18.1,18.1,101,light,183935,0.029
28/05/2024,11:52:00,185204Z,17.7,17.7,101,dark,185204,0.029
28/05/2024,12:54:00,195405Z,18.6,18.6,101,dark,195405,0.009
28/05/2024,13:05:00,200541Z,19.8,20.5,101,light,200541,0.030
28/05/2024,13:12:00,201231Z,20.1,20.1,101,dark,201231,0.030
28/05/2024,13:26:00,202606Z,24.8,29.2,101,light,202606,0.030
28/05/2024,13:33:00,203342Z,31,26.6,101,dark,203342,0.030
28/05/2024,13:47:00,204702Z,26.3,25,101,light,204702,0.030
28/05/2024,13:54:00,205409Z,25,23.8,101,dark,205409,0.030
29/05/2024,12:00:00,190045Z,15.8,15.8,101,dark,190045,0.009
29/05/2024,12:16:00,191621Z,17.1,17.1,101,light,191621,0.030
29/05/2024,12:26:00,192640Z,16.4,17.3,101,dark,192640,0.030
29/05/2024,12:42:00,194236Z,18.1,17.7,101,light,194236,0.030
29/05/2024,12:50:00,195013Z,16.9,17.1,101,dark,195013,0.030
29/05/2024,13:01:00,200152Z,17.9,18,101,light,200152,0.030
29/05/2024,13:09:00,200946Z,17.7,17.7,101,dark,200946,0.030
29/05/2024,13:45:00,204515Z,19.7,19.7,101,dark,204515,0.009
29/05/2024,13:55:00,205539Z,18.3,22,101,light,205539,0.030
29/05/2024,14:03:00,210249Z,20.6,20.6,101,dark,210249,0.030
29/05/2024,14:29:00,212910Z,19,19.3,101,light,212910,0.030
29/05/2024,14:39:00,213819Z,18.4,18.4,101,dark,213819,0.030
29/05/2024,14:56:00,215546Z,18.7,20.2,101,light,215546,0.030
29/05/2024,15:05:00,220416Z,20.1,19.8,101,dark,220416,0.030
29/05/2024,15:20:00,221954Z,20.3,21.3,101,light,221954,0.030
29/05/2024,15:28:00,222843Z,20.1,20.2,101,dark,222843,0.030
30/05/2024,11:06:00,180608Z,20.1,20.1,101,dark,180608,0.009
30/05/2024,11:18:00,181817Z,19.6,19.6,101,light,181817,0.030
30/05/2024,11:26:00,182626Z,19.5,19.5,101,dark,182626,0.030
30/05/2024,11:40:00,184011Z,20.2,20.4,101,light,184011,0.030
30/05/2024,11:47:00,184715Z,21.1,20.4,101,dark,184715,0.030
30/05/2024,11:57:00,185657Z,20.4,20.4,101,light,185657,0.030
30/05/2024,12:04:00,190408Z,20,20.2,101,dark,190408,0.030
30/05/2024,12:40:00,194039Z,24.1,24.1,101,dark,194039,0.009
30/05/2024,12:53:00,195325Z,21.9,23,101,light,195325,0.030
30/05/2024,13:00:00,200001Z,23,22.9,101,dark,200001,0.030
30/05/2024,13:09:00,200949Z,23.9,26.8,101,light,200949,0.030
30/05/2024,13:21:00,202025Z,27.6,26.5,101,dark,202025,0.030
30/05/2024,13:30:00,203022Z,23.8,24.2,101,light,203022,0.030
30/05/2024,13:38:00,203751Z,23.7,23.2,101,dark,203751,0.030
06/01/2024,11:35:00,183504Z,31.8,31.8,101,dark,183504,0.009
06/01/2024,12:24:00,192400Z,29.7,48.2,101,light,192400,0.030
06/01/2024,12:33:00,193330Z,35.1,34.1,101,dark,193330,0.030
06/01/2024,13:21:00,202100Z,26.4,27.6,101,light,202100,0.030
06/01/2024,13:29:00,202905Z,27.1,27,101,dark,202905,0.030
06/01/2024,13:46:00,204620Z,26.7,26.7,101,light,204620,0.030
06/01/2024,13:54:00,205423Z,24.3,24.7,101,dark,205423,0.030
06/01/2024,13:27:00,222745Z,28.6,28.6,101,dark,222745,0.009
06/01/2024,14:14:00,211406Z,23.9,24.8,101,light,211406,0.030
06/01/2024,14:21:00,212051Z,24.5,23.6,101,dark,212051,0.030
06/01/2024,14:33:00,213306Z,23.5,23.5,101,light,213306,0.030
06/01/2024,14:55:00,215458Z,23.9,23.2,101,dark,215458,0.030
06/01/2024,15:07:00,220659Z,24.4,26.7,101,light,220659,0.030
06/01/2024,15:14:00,221357Z,26.2,25.3,101,dark,221357,0.030
06/02/2024,12:57:00,195728Z,25.2,25.2,101,dark,195728,0.009
06/02/2024,13:15:00,201500Z,21.4,26.5,101,light,201500,0.030
06/02/2024,13:22:00,202228Z,25.4,25,101,dark,202228,0.030
06/02/2024,13:38:00,203848Z,29.2,32.5,101,light,203848,0.030
06/02/2024,13:45:00,204542Z,29.8,28.3,101,dark,204542,0.030
06/02/2024,13:56:00,205625Z,26.7,28.2,101,light,205625,0.030
06/02/2024,14:04:00,210433Z,27.2,25.9,101,dark,210433,0.030
06/02/2024,14:19:00,211901Z,22.3,22.3,101,dark,211901,0.009
06/02/2024,14:29:00,212922Z,25.9,29.8,101,light,212922,0.030
06/02/2024,14:36:00,213621Z,28.2,28.6,101,dark,213621,0.030
06/02/2024,14:58:00,215751Z,34,32.7,101,light,215751,0.030
06/02/2024,15:05:00,220505Z,30.5,29.6,101,dark,220505,0.030
06/02/2024,15:20:00,222036Z,24.7,26.8,101,light,222036,0.030
06/02/2024,15:27:00,222741Z,25.4,25.8,101,dark,222741,0.030
06/03/2024,09:59:00,165938Z,21.4,21.4,100,dark,165938,0.009
06/03/2024,10:49:00,174857Z,23.2,25.3,100,light,174857,0.030
06/03/2024,10:57:00,175657Z,24.2,24.5,100,dark,175657,0.030
06/03/2024,11:14:00,180259Z,23.4,24.9,100,light,180259,0.030
06/03/2024,11:21:00,182126Z,24.1,23.5,100,dark,182126,0.030
06/03/2024,11:33:00,183310Z,25.1,28.5,100,light,183310,0.030
06/03/2024,11:43:00,184300Z,26.1,26.4,100,dark,184300,0.030
06/03/2024,13:17:00,201747Z,25.1,25.1,100,dark,201747,0.009
06/03/2024,12:46:00,194625Z,21.9,22.6,100,light,194625,0.030
06/03/2024,12:52:00,195241Z,22.4,21.6,100,dark,195241,0.030
06/03/2024,13:52:00,205225Z,23.3,24.9,100,light,205225,0.030
06/03/2024,14:00:00,210017Z,24.5,23.8,100,dark,210017,0.030
06/03/2024,14:16:00,211608Z,23.1,23.1,100,light,211608,0.029
06/03/2024,14:35:00,213517Z,22.7,22.6,100,dark,213517,0.029
06/04/2024,09:30:00,162957Z,17.5,17.5,101,dark,162957,0.009
06/04/2024,09:46:00,164555Z,19.5,22.3,101,light,164555,0.030
06/04/2024,09:56:00,165602Z,20.7,20.6,101,dark,165602,0.030
06/04/2024,10:10:00,171049Z,20.6,26.9,101,light,171049,0.030
06/04/2024,10:18:00,171755Z,25.8,23.7,101,dark,171755,0.030
06/04/2024,10:53:00,175345Z,24,35.2,101,light,175345,0.030
06/04/2024,11:01:00,180108Z,30.7,26.4,101,dark,180108,0.030
06/04/2024,11:22:00,182153Z,18,18,101,dark,182153,0.009
06/04/2024,13:03:00,200301Z,32.5,37.6,101,light,200301,0.030
06/04/2024,13:11:00,201104Z,33.7,31,101,dark,201104,0.030
06/04/2024,13:32:00,203757Z,28,27.2,101,light,203757,0.030
06/04/2024,13:58:00,205805Z,22.4,24.6,101,light,205805,0.030
06/04/2024,13:41:00,204048Z,26.7,24.9,101,dark,204048,0.030
06/04/2024,14:21:00,212131Z,27.2,32.2,101,light,212131,0.030
06/04/2024,14:29:00,212942Z,28.8,23.6,101,dark,212942,0.030
06/05/2024,09:25:00,162536Z,13.2,13.2,100,dark,162536,0.009
06/05/2024,09:49:00,164813Z,15.6,15.8,100,light,164813,0.030
06/05/2024,09:55:00,165514Z,15.5,15.4,100,dark,165514,0.030
06/05/2024,10:15:00,171001Z,17.7,18.6,100,light,171001,0.030
06/05/2024,10:24:00,172358Z,18.8,17.3,100,dark,172358,0.030
06/05/2024,11:01:00,180101Z,18.1,18.5,100,light,180101,0.030
06/05/2024,11:08:00,180828Z,17.8,17.9,100,dark,180828,0.030
06/05/2024,12:58:00,195808Z,14,14,100,dark,195808,0.009
06/05/2024,11:26:00,182630Z,15.4,16,100,light,182630,0.030
06/05/2024,11:33:00,183325Z,15.9,16,100,dark,183325,0.030
06/05/2024,11:54:00,185352Z,18.1,18.8,100,light,185352,0.030
06/05/2024,12:00:00,190056Z,18.6,18.5,100,dark,190056,0.030
06/05/2024,12:23:00,192338Z,17.5,18.1,100,light,192338,0.030
06/05/2024,12:32:00,193247Z,17.5,18.1,100,dark,193247,0.030
06/06/2024,11:19:00,181927Z,17.4,21.7,101,light,181927,0.030
06/06/2024,11:26:00,182614Z,16.4,16.4,101,dark,182614,0.030
06/06/2024,11:38:00,183836Z,14.5,14.5,101,light,183836,0.030
06/06/2024,11:46:00,184553Z,12.8,13,101,dark,184553,0.030
06/06/2024,12:07:00,190702Z,21.5,21.3,101,light,190702,0.030
06/06/2024,12:15:00,191501Z,25.3,22.6,101,dark,191501,0.030
06/06/2024,12:36:00,193559Z,15.8,15.8,101,dark,193559,0.009
06/06/2024,12:58:00,195823Z,13.5,15.5,101,light,195823,0.030
06/06/2024,13:06:00,200556Z,15.3,14.5,101,dark,200556,0.030
06/06/2024,13:22:00,202210Z,16.8,17,101,light,202210,0.030
06/06/2024,13:30:00,203016Z,14.5,14.5,101,dark,203016,0.030
06/06/2024,14:01:00,210149Z,22.1,21.2,101,light,210149,0.030
06/06/2024,14:12:00,211229Z,15.3,16.1,101,dark,211229,0.030
06/07/2024,10:18:00,171756Z,9.7,9.7,101,dark,171756,0.009
06/07/2024,10:33:00,173349Z,11.6,13.1,101,light,173349,0.030
06/07/2024,10:41:00,174125Z,12.1,11.9,101,dark,174125,0.030
06/07/2024,10:55:00,175526Z,12.2,11.8,101,light,175526,0.030
06/07/2024,11:04:00,180418Z,10.9,11.4,101,dark,180418,0.030
06/07/2024,11:16:00,181600Z,13.3,14.8,101,light,181600,0.030
06/07/2024,11:23:00,182309Z,15.2,15.2,101,dark,182309,0.030
06/07/2024,11:39:00,183932Z,17.6,17.6,101,dark,183932,0.009
06/07/2024,11:52:00,185208Z,15,15,101,light,185208,0.030
06/07/2024,11:59:00,185946Z,15.1,14.9,101,dark,185946,0.030
06/07/2024,12:56:00,195612Z,20.7,24,101,light,195612,0.030
06/07/2024,13:03:00,200249Z,22.8,21,101,dark,200249,0.030
06/07/2024,13:19:00,201839Z,19.2,19.9,101,light,201839,0.030
06/07/2024,13:26:00,202607Z,18.8,18,101,dark,202607,0.030
06/08/2024,09:47:00,164750Z,10.7,10.7,101,dark,164750,0.009
06/08/2024,10:05:00,170529Z,15,15,101,light,170529,0.030
06/08/2024,10:12:00,171246Z,15,14.6,101,dark,171246,0.030
06/08/2024,10:30:00,173030Z,15.6,18.7,101,light,173030,0.030
06/08/2024,10:42:00,174214Z,19.2,17.6,101,dark,174214,0.030
06/08/2024,11:03:00,180345Z,19.3,26.5,101,light,180345,0.030
06/08/2024,11:21:00,182141Z,17.2,17.3,101,dark,182141,0.030
06/08/2024,11:36:00,183638Z,11.8,11.8,101,dark,183638,0.009
06/08/2024,11:50:00,185001Z,13.2,14.4,101,light,185001,0.030
06/08/2024,11:57:00,185722Z,13,13.2,101,dark,185722,0.030
06/08/2024,12:16:00,191650Z,18.8,22.1,101,light,191650,0.030
06/08/2024,12:24:00,192341Z,20.1,18.1,101,dark,192341,0.030
06/08/2024,12:43:00,194315Z,17.6,18.6,101,light,194315,0.030
06/08/2024,12:49:00,194928Z,18.2,18.2,101,dark,194928,0.030
06/11/2024,11:11:00,201113Z,20.8,20.8,101,dark,201113,0.009
06/11/2024,11:35:00,183502Z,22.9,22.7,101,light,183502,0.030
06/11/2024,11:42:00,184144Z,22.7,19.7,101,dark,184144,0.030
06/11/2024,12:10:00,191001Z,20.4,21.8,101,light,191001,0.030
06/11/2024,12:18:00,191821Z,26,22.9,101,dark,191821,0.030
06/11/2024,13:28:00,202756Z,22.1,21.9,101,light,202756,0.030
06/11/2024,13:35:00,203459Z,19.9,19.9,101,dark,203459,0.030
06/11/2024,13:47:00,204739Z,16.5,16.5,101,dark,204739,0.009
06/11/2024,14:05:00,210449Z,19.5,19.2,101,light,210449,0.030
06/11/2024,14:11:00,211142Z,18.2,17.8,101,dark,211142,0.030
06/11/2024,14:28:00,212827Z,17.8,19,101,light,212827,0.030
06/11/2024,14:35:00,213530Z,18,17.6,101,dark,213530,0.030
06/11/2024,14:54:00,215356Z,18.2,19.3,101,light,215356,0.030
06/11/2024,15:01:00,220050Z,18.5,18.5,101,dark,220050,0.030
07/11/2024,09:10:00,161056Z,11.1,11.1,101,dark,161056,0.009
07/11/2024,09:28:00,162901Z,12.1,12.2,101,light,162901,0.030
07/11/2024,09:37:00,163744Z,11.8,11.9,101,dark,163744,0.030
07/11/2024,09:52:00,165253Z,11.8,12.3,101,light,165253,0.030
07/11/2024,10:00:00,170131Z,11.8,12.1,101,dark,170131,0.030
07/11/2024,10:17:00,171752Z,12.3,12.7,101,light,171752,0.030
07/11/2024,10:25:00,172559Z,12.4,12.2,101,dark,172559,0.030
07/11/2024,10:56:00,175556Z,10.4,10.4,101,dark,175556,0.009
07/11/2024,11:13:00,181413Z,13.1,12.4,101,light,181413,0.030
07/11/2024,11:22:00,182244Z,12.8,12.8,101,dark,182244,0.030
07/11/2024,11:36:00,183659Z,13.4,13.6,101,light,183659,0.030
07/11/2024,11:44:00,184503Z,13.1,13.4,101,dark,184503,0.030
07/11/2024,11:59:00,190019Z,14.6,13.7,101,light,190019,0.030
07/11/2024,12:07:00,190808Z,13.5,13.4,101,dark,190808,0.030
07/11/2024,13:18:00,201920Z,10.6,10.6,101,dark,201920,0.009
07/11/2024,13:35:00,203456Z,18.1,18.6,101,light,203456,0.030
07/11/2024,13:42:00,204311Z,18.2,18.3,101,dark,204311,0.030
07/11/2024,14:11:00,211201Z,17.9,17.9,101,light,211201,0.030
07/11/2024,14:18:00,211926Z,17.6,17.4,101,dark,211926,0.030
07/11/2024,14:35:00,213619Z,16,16.1,101,light,213619,0.030
07/11/2024,14:44:00,214614Z,15.6,15.9,101,dark,214614,0.030
07/11/2024,14:59:00,220018Z,10.8,10.8,101,dark,220018,0.009
07/11/2024,15:14:00,221446Z,16.2,16.2,101,light,221446,0.030
07/11/2024,15:24:00,222452Z,15.5,15.9,101,dark,222452,0.030
07/11/2024,15:44:00,224521Z,17.4,17.2,101,light,224521,0.030
07/11/2024,15:53:00,225402Z,17,16.5,101,dark,225402,0.030
07/11/2024,16:06:00,230740Z,17,15.7,101,light,230740,0.030
07/11/2024,16:15:00,231631Z,15.2,15.2,101,dark,231631,0.030
18/06/2024,11:01:00,180057Z,17.4,17,101,light,180057,0.030
18/06/2024,11:07:00,180749Z,17,15.6,101,dark,180749,0.030
18/06/2024,11:30:00,183048Z,15.2,15.8,101,light,183048,0.030
18/06/2024,11:37:00,183755Z,15.4,15,101,dark,183755,0.030
18/06/2024,11:49:00,184932Z,16.9,18.8,101,light,184932,0.030
18/06/2024,11:56:00,185630Z,18.8,16.3,101,dark,185630,0.030
18/06/2024,12:08:00,190758Z,17.2,18.3,101,light,190758,0.030
18/06/2024,12:18:00,191751Z,15.5,15.7,101,dark,191751,0.030
18/06/2024,13:04:00,200404Z,16.7,16.4,101,light,200404,0.030
18/06/2024,13:10:00,201053Z,16.9,16.6,101,dark,201053,0.030
18/06/2024,13:26:00,202558Z,17.5,21.9,101,light,202558,0.030
18/06/2024,13:32:00,203241Z,22.3,18.6,101,dark,203241,0.030
18/06/2024,13:43:00,204331Z,18.9,19.7,101,light,204331,0.030
18/06/2024,13:49:00,204934Z,18.8,18.5,101,dark,204934,0.030
18/06/2024,14:05:00,210523Z,23.1,21.9,101,light,210523,0.030
18/06/2024,14:12:00,211214Z,20.2,19,101,dark,211214,0.030
19/06/2024,09:21:00,162152Z,11.6,11.6,100,dark,162152,0.009
19/06/2024,09:35:00,163553Z,13.3,14.5,100,light,163553,0.030
19/06/2024,09:42:00,164252Z,14.4,13.9,100,dark,164252,0.030
19/06/2024,09:59:00,165935Z,16.4,19.4,100,light,165935,0.030
19/06/2024,10:07:00,170654Z,18.3,15.7,100,dark,170654,0.030
19/06/2024,10:19:00,171920Z,17.3,17,100,light,171920,0.030
19/06/2024,10:26:00,172558Z,16.3,15.1,100,dark,172558,0.030
19/06/2024,10:38:00,173835Z,13.9,14,100,light,173835,0.030
19/06/2024,10:45:00,174531Z,13.3,13.1,100,dark,174531,0.030
19/06/2024,10:56:00,175621Z,13.1,13.7,100,light,175621,0.030
19/06/2024,11:04:00,180945Z,13.5,13.2,100,dark,180945,0.030
19/06/2024,11:17:00,181722Z,15.1,18.1,100,light,181722,0.030
19/06/2024,11:23:00,182349Z,16.5,14.4,100,dark,182349,0.030
22/06/2024,10:27:00,172714Z,16.3,16.3,101,dark,172714,0.009
22/06/2024,10:42:00,174123Z,20,21.5,101,light,174123,0.030
22/06/2024,10:49:00,174950Z,20.3,19.1,101,dark,174950,0.030
22/06/2024,11:01:00,180101Z,19.8,22,101,light,180101,0.030
22/06/2024,11:09:00,180932Z,21,20.1,101,dark,180932,0.030
22/06/2024,11:27:00,182740Z,22.7,22.9,101,light,182740,0.030
22/06/2024,11:35:00,183515Z,21,21.2,101,dark,183515,0.030
22/06/2024,11:48:00,184829Z,19.6,19.6,101,dark,184829,0.009
22/06/2024,12:06:00,190647Z,19.1,24.2,101,light,190647,0.030
22/06/2024,12:14:00,191454Z,22.8,22.9,101,dark,191454,0.030
22/06/2024,13:11:00,201118Z,22.4,27.3,101,light,201118,0.030
22/06/2024,13:23:00,202219Z,21.8,24.5,101,dark,202219,0.030
22/06/2024,13:38:00,203751Z,22.7,25.6,101,light,203751,0.030
22/06/2024,13:46:00,204552Z,25.1,27.1,101,dark,204552,0.030
23/06/2024,09:50:00,165046Z,16.8,16.8,101,dark,165046,0.009
23/06/2024,10:03:00,170325Z,17.6,18.9,101,light,170325,0.030
23/06/2024,10:10:00,171001Z,18.9,17.5,101,dark,171001,0.030
23/06/2024,10:22:00,172233Z,18.6,19.3,101,light,172233,0.030
23/06/2024,10:29:00,172940Z,18.8,16.9,101,dark,172940,0.030
23/06/2024,10:43:00,174330Z,18.4,20.9,101,light,174330,0.030
23/06/2024,10:50:00,175014Z,19.5,18.2,101,dark,175014,0.030
23/06/2024,11:01:00,180131Z,16.7,16.7,101,dark,180131,0.009
23/06/2024,11:15:00,181509Z,19.5,19.5,101,light,181509,0.030
23/06/2024,11:21:00,182139Z,19.1,17.2,101,dark,182139,0.030
23/06/2024,11:35:00,183509Z,17.7,17.8,101,light,183509,0.030
23/06/2024,11:41:00,184118Z,17.6,16.8,101,dark,184118,0.030
23/06/2024,11:55:00,185506Z,20.4,21.7,101,light,185506,0.030
23/06/2024,12:03:00,190313Z,20.3,18.7,101,dark,190313,0.030
24/06/2024,09:45:00,164532Z,11.3,11.3,102,dark,164532,0.009
24/06/2024,10:10:00,171056Z,12,11.6,102,light,171056,0.030
24/06/2024,10:25:00,172519Z,11.1,11.9,102,dark,172519,0.030
24/06/2024,10:34:00,173421Z,12.3,13.3,102,light,173421,0.030
24/06/2024,10:42:00,174207Z,13.4,12.6,102,dark,174207,0.030
24/06/2024,10:52:00,175220Z,15.4,21.2,102,light,175220,0.030
24/06/2024,10:59:00,175858Z,24.2,16.8,102,dark,175858,0.030
24/06/2024,11:16:00,181656Z,13.2,13.2,102,dark,181656,0.009
24/06/2024,11:26:00,182656Z,14.4,14.7,102,light,182656,0.030
24/06/2024,11:33:00,183328Z,14.4,14.2,102,dark,183328,0.030
24/06/2024,11:43:00,184340Z,14.2,14.7,102,light,184340,0.030
24/06/2024,11:50:00,185007Z,14.2,14.1,102,dark,185007,0.030
24/06/2024,12:03:00,190307Z,21.1,21.7,102,light,190307,0.030
24/06/2024,12:10:00,190958Z,21.4,19.4,102,dark,190958,0.030
25/06/2024,10:52:00,175219Z,24.7,24.7,101,dark,175219,0.009
25/06/2024,11:38:00,183826Z,25.8,27.9,101,light,183826,0.030
25/06/2024,11:45:00,184519Z,27,25.2,101,dark,184519,0.030
25/06/2024,11:15:00,181556Z,30.4,36.5,101,light,181556,0.030
25/06/2024,11:22:00,182237Z,33.1,32.5,101,dark,182237,0.030
25/06/2024,12:02:00,190220Z,29.6,33.9,101,light,190220,0.030
25/06/2024,12:09:00,190907Z,33.9,31,101,dark,190907,0.030
25/06/2024,13:21:00,202145Z,30.6,30.6,101,dark,202145,0.009
25/06/2024,13:35:00,203459Z,30.1,32.7,101,light,203459,0.030
25/06/2024,13:42:00,204213Z,32.4,29.5,101,dark,204213,0.030
25/06/2024,13:57:00,205725Z,31.4,35.2,101,light,205725,0.030
25/06/2024,14:04:00,210407Z,34,32.5,101,dark,210407,0.030
25/06/2024,14:17:00,211719Z,35.2,41.9,101,light,211719,0.030
25/06/2024,14:24:00,212414Z,41,33.2,101,dark,212414,0.030
26/06/2024,13:22:00,202208Z,22.8,22.8,102,dark,202208,0.009
26/06/2024,13:31:00,203117Z,27.8,26.1,102,light,203117,0.030
26/06/2024,13:28:00,203810Z,25.5,24.3,102,dark,203810,0.030
26/06/2024,13:53:00,205330Z,22.6,22.9,102,light,205330,0.030
26/06/2024,14:01:00,210049Z,21.9,21.9,102,dark,210049,0.030
26/06/2024,14:17:00,211723Z,19.7,21.1,102,light,211723,0.030
26/06/2024,14:23:00,212344Z,20.1,20.3,102,dark,212344,0.030
26/06/2024,11:42:00,184232Z,23.3,23.3,102,dark,184232,0.009
26/06/2024,11:53:00,185313Z,23,22.8,102,light,185313,0.030
26/06/2024,12:00:00,190022Z,22.6,21.9,102,dark,190022,0.030
26/06/2024,12:44:00,194451Z,23.6,24.8,102,light,194451,0.030
26/06/2024,12:52:00,195224Z,24.1,23.8,102,dark,195224,0.030
26/06/2024,13:02:00,200241Z,27.8,32.1,102,light,200241,0.030
26/06/2024,13:09:00,200928Z,29,27.8,102,dark,200928,0.030
28/06/2024,10:34:00,173453Z,27,27,101,dark,173453,0.009
28/06/2024,10:47:00,174723Z,29.8,31.9,101,light,174723,0.029
28/06/2024,10:54:00,175352Z,31.5,29.6,101,dark,175352,0.029
28/06/2024,11:22:00,182203Z,28.9,34,101,light,182203,0.029
28/06/2024,11:28:00,182829Z,30.5,29.5,101,dark,182829,0.029
28/06/2024,11:47:00,184714Z,30.7,34.7,101,light,184714,0.030
28/06/2024,11:53:00,185353Z,33.7,32.5,101,dark,185353,0.030
28/06/2024,12:12:00,191212Z,28.2,28.2,101,dark,191212,0.009
28/06/2024,12:28:00,192822Z,32.1,36.4,101,light,192822,0.030
28/06/2024,12:36:00,193628Z,34.1,31.5,101,dark,193628,0.030
28/06/2024,13:58:00,205811Z,34,38,101,light,205811,0.030
28/06/2024,14:05:00,210453Z,36,30.7,101,dark,210453,0.030
28/06/2024,14:22:00,212225Z,32.5,38.8,101,light,212225,0.030
28/06/2024,14:29:00,212940Z,36.8,34,101,dark,212940,0.030
29/06/0224,10:28:00,172832Z,22.6,22.6,100,dark,172832,0.009
29/06/0224,10:49:00,174918Z,26.6,31.4,100,light,174918,0.030
29/06/0224,10:55:00,175542Z,30.4,26.3,100,dark,175542,0.030
29/06/0224,11:09:00,180913Z,20.9,23.3,100,light,180913,0.030
29/06/0224,11:17:00,181654Z,22.3,22.7,100,dark,181654,0.030
29/06/0224,11:34:00,183406Z,24,25.5,100,light,183406,0.030
29/06/0224,11:41:00,184107Z,24.7,23.1,100,dark,184107,0.030
29/06/0224,11:52:00,185226Z,23,23,100,dark,185226,0.009
29/06/0224,12:03:00,190338Z,28.8,26.3,100,light,190338,0.030
29/06/0224,12:10:00,191031Z,28.8,26.3,100,dark,191031,0.030
29/06/0224,13:09:00,200924Z,21.2,22.5,100,light,200924,0.030
29/06/0224,13:16:00,201624Z,20.6,21.9,100,dark,201624,0.030
29/06/0224,13:29:00,202911Z,26.3,35.7,100,light,202911,0.030
29/06/0224,13:36:00,203557Z,34.1,29.1,100,dark,203557,0.030
30/06/2024,10:36:00,173546Z,21.1,21.1,101,dark,173546,0.009
30/06/2024,11:00:00,180016Z,24.3,28,101,light,180016,0.030
30/06/2024,11:16:00,181628Z,24.4,25.5,101,dark,181628,0.030
30/06/2024,11:33:00,183326Z,25,29,101,light,183326,0.030
30/06/2024,11:41:00,184113Z,26.1,24.3,101,dark,184113,0.030
30/06/2024,11:55:00,185549Z,29.7,31.9,101,light,185549,0.030
30/06/2024,12:02:00,190227Z,30.4,24.6,101,dark,190227,0.030
30/06/2024,12:58:00,195823Z,27.9,31.1,101,light,195823,0.030
30/06/2024,13:05:00,200508Z,29.1,25.8,101,dark,200508,0.030
30/06/2024,13:20:00,202014Z,32.1,30.9,101,light,202014,0.030
30/06/2024,13:27:00,202658Z,31.6,26.3,101,dark,202658,0.030
30/06/2024,13:43:00,204321Z,23.3,26.7,101,light,204321,0.030
30/06/2024,13:50:00,205006Z,25.6,23.7,101,dark,205006,0.030
07/01/2024,10:49:00,174927Z,13.5,13.7,100,light,174927,0.030
07/01/2024,10:57:00,175732Z,13.2,13.2,100,dark,175732,0.030
07/01/2024,11:10:00,181039Z,13.3,14.4,100,light,181039,0.030
07/01/2024,11:16:00,181638Z,14.2,14.2,100,dark,181638,0.030
07/01/2024,11:31:00,183110Z,13.7,14.5,100,light,183110,0.030
07/01/2024,11:37:00,183722Z,14.4,14.3,100,dark,183722,0.030
07/01/2024,11:59:00,185926Z,12.8,12.8,100,dark,185926,0.009
07/01/2024,12:10:00,191003Z,16.7,17,100,light,191003,0.030
07/01/2024,12:16:00,191625Z,16.2,15.7,100,dark,191625,0.030
07/01/2024,13:04:00,200430Z,14.6,15.2,100,light,200430,0.030
07/01/2024,13:10:00,201038Z,14.9,14.9,100,dark,201038,0.030
07/01/2024,13:24:00,202457Z,14.8,15,100,light,202457,0.030
07/01/2024,13:31:00,203123Z,14.5,14.5,100,dark,203123,0.030
05/07/2024,10:58:00,175814Z,18.9,19.3,102,light,175814,0.030
05/07/2024,11:06:00,180621Z,11.9,11.9,102,dark,180621,0.030
05/07/2024,11:53:00,185309Z,19.3,20.7,102,light,185309,0.030
05/07/2024,12:01:00,190106Z,19.1,18.4,102,dark,190106,0.030
05/07/2024,12:20:00,191955Z,17.8,19.9,102,light,191955,0.030
05/07/2024,12:26:00,192649Z,19.2,18.6,102,dark,192649,0.030
05/07/2024,13:05:00,200511Z,15.2,17.9,102,light,200511,0.030
05/07/2024,13:12:00,201236Z,18.1,17.3,102,dark,201236,0.030
05/07/2024,13:33:00,203258Z,19.7,19.3,102,light,203258,0.030
05/07/2024,13:40:00,204013Z,19.2,19.2,102,dark,204013,0.030
05/07/2024,13:52:00,205212Z,19.5,20.7,102,light,205212,0.030
05/07/2024,13:58:00,205853Z,21.7,21.7,102,dark,205853,0.030
05/07/2024,14:11:00,211202Z,19.3,19.3,102,dark,211202,0.009
05/07/2024,14:19:00,212028Z,18.8,18.8,102,dark,212028,0.009
06/07/2024,07:45:00,144500Z,12.9,13.4,102,light,144500,0.030
06/07/2024,07:51:00,145127Z,13.2,13.2,102,dark,145127,0.029
06/07/2024,08:02:00,150205Z,13.7,13.7,102,light,150205,0.030
06/07/2024,08:13:00,151337Z,13.3,13.3,102,dark,151337,0.030
06/07/2024,10:01:00,170121Z,15.6,15.7,102,light,170121,0.030
06/07/2024,10:08:00,170814Z,15.7,15.7,102,dark,170814,0.030
06/07/2024,10:17:00,171759Z,15.7,16.7,102,light,171759,0.030
06/07/2024,10:24:00,172437Z,16.7,16.6,102,dark,172437,0.030
06/07/2024,10:36:00,173638Z,20.1,20.1,102,light,173638,0.030
06/07/2024,10:43:00,174340Z,19.6,19.6,102,dark,174340,0.030
06/07/2024,10:57:00,175719Z,18.2,18.5,102,light,175719,0.030
06/07/2024,11:02:00,180242Z,17.8,17.8,102,dark,180242,0.030
06/07/2024,11:24:00,182355Z,14.2,14.2,102,dark,182355,0.009
06/07/2024,11:33:00,183316Z,14.6,14.6,102,dark,183316,0.009
07/07/2024,13:10:00,201014Z,22.6,24,102,light,201014,0.030
07/07/2024,13:23,202318Z,21.9,21.9,102,dark,202318,0.030
07/07/2024,13:34:00,203411Z,20.7,21.9,102,light,203411,0.030
07/07/2024,13:42:00,204230Z,21,21,102,dark,204230,0.030
07/07/2024,13:50:00,205929Z,24.5,24.5,102,dark,205929,0.030
07/07/2024,13:52:00,205205Z,27.3,29.2,102,light,205205,0.030
07/07/2024,14:09:00,210935Z,23.7,24.1,102,light,210935,0.030
07/07/2024,14:15:00,211532Z,24,24,102,dark,211532,0.030
07/07/2024,14:24:00,212455Z,27.5,32.7,102,light,212455,0.030
07/07/2024,14:30:00,213036Z,27.7,24.1,102,dark,213036,0.030
07/07/2024,14:40:00,214025Z,26.5,28.1,102,light,214025,0.030
07/07/2024,14:46:00,214624Z,26.3,24.1,102,dark,214624,0.030
07/07/2024,14:56:00,215105Z,23.1,25.7,102,light,215105,0.030
07/07/2024,15:03:00,220315Z,24,23.6,102,dark,220315,0.030
07/07/2024,15:13:00,221319Z,26.9,23.9,102,light,221319,0.030
07/07/2024,15:20:00,222039Z,23,21.5,102,dark,222039,0.030
08/07/2024,09:01:00,160158Z,15.3,16.1,101,light,160158,0.030
08/07/2024,09:07:00,160729Z,15.8,15.4,101,dark,160729,0.030
08/07/2024,09:16:00,161639Z,17.1,16.3,101,light,161639,0.030
08/07/2024,09:23:00,162330Z,16.4,15.6,101,dark,162330,0.030
08/07/2024,09:32:00,163224Z,18.5,19.1,101,light,163224,0.030
08/07/2024,09:38:00,163835Z,18.7,18.7,101,dark,163835,0.030
08/07/2024,09:49:00,164939Z,16.4,16.6,101,light,164939,0.030
08/07/2024,09:55:00,165533Z,16.2,16.8,101,dark,165533,0.030
08/07/2024,10:04:00,170420Z,16.9,18.9,101,light,170420,0.030
08/07/2024,10:10:00,171015Z,18,17.5,101,dark,171015,0.030
08/07/2024,10:22:00,172221Z,18.4,19,101,light,172221,0.030
08/07/2024,10:30:00,172959Z,18.5,17.5,101,dark,172959,0.030
08/07/2024,10:40:00,174048Z,15.8,15.7,101,light,174048,0.030
08/07/2024,10:46:00,174626Z,15.7,15.7,101,dark,174626,0.030
08/07/2024,10:56:00,175618Z,15.2,15.7,101,light,175618,0.009
08/07/2024,11:03:00,180352Z,15.5,16.5,101,dark,180352,0.030
09/07/2024,07:47:00,144648Z,23.6,24,101,light,144648,0.030
09/07/2024,07:53:00,145317Z,23.1,19,101,dark,145317,0.030
09/07/2024,08:03:00,150350Z,20.1,20.3,101,light,150350,0.030
09/07/2024,08:11:00,151128Z,19.6,20.8,101,dark,151128,0.030
09/07/2024,08:22:00,152157Z,24.5,24.1,101,light,152157,0.030
09/07/2024,08:28:00,152834Z,24.1,21.8,101,dark,152834,0.030
09/07/2024,08:38:00,153843Z,19,20.4,101,light,153843,0.030
09/07/2024,08:45:00,154525Z,19.5,18.9,101,dark,154525,0.030
09/07/2024,08:54:00,155437Z,20.1,23.2,101,light,155437,0.030
09/07/2024,09:01:00,160057Z,23.6,20.7,101,dark,160057,0.030
09/07/2024,09:13:00,161342Z,21.4,23.4,101,light,161342,0.030
09/07/2024,09:20:00,162026Z,22.4,21.2,101,dark,162026,0.030
09/07/2024,09:41:00,164121Z,21.7,23.2,101,light,164121,0.009
09/07/2024,09:48:00,164803Z,22.1,20.9,101,dark,164803,0.009
10/07/2024,08:37:00,153729Z,27.7,27.2,101,light,153729,0.030
10/07/2024,08:47:00,154652Z,25.3,24.9,101,dark,154652,0.030
10/07/2024,08:57:00,155738Z,23.9,24.4,101,light,155738,0.030
10/07/2024,09:05:00,160524Z,24.5,24.2,101,dark,160524,0.030
10/07/2024,09:23:00,162330Z,23.6,25.8,101,light,162330,0.030
10/07/2024,09:30:00,163007Z,26.1,25.3,101,dark,163007,0.030
10/07/2024,09:44:00,164452Z,27.8,27.5,101,light,164452,0.030
10/07/2024,09:52:00,165203Z,25.3,25.2,101,dark,165203,0.030
10/07/2024,10:14:00,171410Z,22.7,26.1,101,light,171410,0.030
10/07/2024,10:20:00,172054Z,27.3,26.3,101,dark,172054,0.030
10/07/2024,10:33:00,173302Z,33,34.5,101,light,173302,0.030
10/07/2024,10:39:00,173949Z,33,31.3,101,dark,173949,0.030
10/07/2024,11:23:00,182341Z,27.2,27.2,101,light,182341,0.009
10/07/2024,11:36:00,183553Z,18,18,101,dark,183553,0.009
10/07/2024,12:12:00,191238Z,28.4,31.7,101,light,191238,0.030
10/07/2024,12:19:00,191912Z,30.6,28.4,101,dark,191912,0.030
10/07/2024,12:29:00,192909Z,26.7,31.4,101,light,192909,0.030
10/07/2024,12:45:00,194520Z,34.5,42.6,101,light,194520,0.030
10/07/2024,12:51:00,195148Z,44.1,31.6,101,dark,195148,0.030
10/07/2024,13:03:00,200310Z,30.6,34.9,101,light,200310,0.030
10/07/2024,13:09:00,200938Z,33.8,28.6,101,dark,200938,0.030
10/07/2024,13:21:00,202108Z,28.6,35.6,101,light,202108,0.030
10/07/2024,13:27:00,202727Z,31.5,29.2,101,dark,202727,0.030
10/07/2024,13:35:00,193554Z,30.6,29.9,101,dark,193554,0.030
10/07/2024,13:37:00,203735Z,32.6,36.5,101,light,203735,0.030
10/07/2024,13:45:00,204457Z,34.5,30.7,101,dark,204457,0.030
10/07/2024,13:54:00,205438Z,26.8,33.9,101,light,205438,0.009
10/07/2024,14:01:00,210125Z,31.7,31.1,101,dark,210125,0.009
06/05/2024,10:40:00,171449Z,17.7,18.6,100,light,171449,0.030
19/06/2024,10:15:00,180353Z,17.7,18.6,100,light,180353,0.030
